timestamp,Chunk used,Chunk available,Slot used,Slot available,Stack used,Stack available,Garbage collections,Keys used,Modules loaded,Parser used,Floating Point
1701088753, 492,1536,1648,4096,1056,7168,0,0,0,0,0
1701088754, 504,1536,2864,4096,1120,7168,1,0,0,0,0
1701088757, 1376,1536,6704,7168,1696,7168,12,1,0,0,448
1701088758, 1376,1536,6704,7168,1104,7168,0,1,0,0,400
1701088759, 1156,1536,6032,7168,1104,7168,1,1,0,0,400
1701088760, 1156,1536,6032,7168,1104,7168,0,1,0,0,400
1701088765, 4568,11948,16608,19456,2336,7168,1,6,0,0,6
1701088766, 4568,11948,16608,19456,960,7168,0,6,0,0,0
1701088767, 4568,11948,16608,19456,960,7168,0,6,0,0,0
1701088768, 4568,11948,16608,19456,960,7168,0,6,0,0,0
1701088769, 4628,11948,16576,19456,1232,7168,1,6,0,0,0
1701088770, 4628,11948,16576,19456,960,7168,0,6,0,0,0
1701088771, 4628,11948,16576,19456,960,7168,0,6,0,0,0
1701088772, 4628,11948,16576,19456,960,7168,0,6,0,0,0
1701088773, 4628,11948,16576,19456,960,7168,0,6,0,0,0
1701088774, 4628,11948,16576,19456,1232,7168,1,6,0,0,0
1701088775, 4628,11948,16576,19456,960,7168,0,6,0,0,0
1701088776, 4628,11948,16576,19456,960,7168,0,6,0,0,0
1701088777, 4628,11948,16576,19456,960,7168,0,6,0,0,0
1701088778, 4628,11948,16576,19456,960,7168,0,6,0,0,0
1701088779, 4628,11948,16576,19456,1232,7168,1,6,0,0,0
1701088780, 4628,11948,16576,19456,960,7168,0,6,0,0,0
1701088781, 4628,11948,16576,19456,960,7168,0,6,0,0,0
1701088782, 4628,11948,16576,19456,960,7168,0,6,0,0,0
1701088783, 4628,11948,16576,19456,960,7168,0,6,0,0,0
1701088784, 4628,11948,16576,19456,1232,7168,1,6,0,0,0
1701088785, 4680,11948,16720,19456,960,7168,0,6,0,0,1
1701088786, 4680,11948,16720,19456,960,7168,0,6,0,0,0
1701088787, 4680,11948,16720,19456,960,7168,0,6,0,0,0
1701088788, 4680,11948,16720,19456,960,7168,0,6,0,0,0
1701088789, 4604,11948,16432,19456,1232,7168,1,6,0,0,0
1701088790, 4604,11948,16432,19456,960,7168,0,6,0,0,0
1701088791, 4604,11948,16432,19456,960,7168,0,6,0,0,0
1701088792, 4604,11948,16432,19456,960,7168,0,6,0,0,0
1701088793, 4604,11948,16432,19456,960,7168,0,6,0,0,0
1701088794, 4604,11948,16432,19456,1232,7168,1,6,0,0,0
1701088795, 4604,11948,16432,19456,960,7168,0,6,0,0,0
1701088796, 4604,11948,16432,19456,960,7168,0,6,0,0,0
1701088797, 4604,11948,16432,19456,960,7168,0,6,0,0,0
1701088798, 4604,11948,16432,19456,960,7168,0,6,0,0,0
1701088799, 4604,11948,16432,19456,1232,7168,1,6,0,0,0
1701088800, 4604,11948,16432,19456,960,7168,0,6,0,0,0
1701088801, 4604,11948,16432,19456,960,7168,0,6,0,0,0
1701088802, 4604,11948,16432,19456,960,7168,0,6,0,0,0
1701088803, 4604,11948,16432,19456,960,7168,0,6,0,0,0
1701088804, 4604,11948,16432,19456,1232,7168,1,6,0,0,0
1701088805, 4604,11948,16432,19456,960,7168,0,6,0,0,0
1701088806, 4604,11948,16432,19456,960,7168,0,6,0,0,0
1701088807, 4604,11948,16432,19456,960,7168,0,6,0,0,0
1701088808, 4604,11948,16432,19456,960,7168,0,6,0,0,0
1701088809, 4604,11948,16432,19456,1232,7168,1,6,0,0,0
1701088810, 4604,11948,16432,19456,960,7168,0,6,0,0,0
1701088811, 4604,11948,16432,19456,960,7168,0,6,0,0,0
1701088812, 4604,11948,16432,19456,960,7168,0,6,0,0,0
